CustomerID,Age,Gender,SubscriptionLength,MonthlySpend,AccountType,Engagement,Churn
1,56,Male,17,263.96,Premium,40,0
2,69,Male,32,657.63,Basic,8,1
3,46,Male,29,206.12,Basic,40,0
4,32,Female,3,569.68,Basic,44,0
5,60,Male,34,469.29,Premium,23,0
6,25,Male,27,972.29,Basic,40,1
7,38,Male,13,612.44,Basic,11,0
8,56,Female,33,356.01,Premium,46,0
9,36,Female,6,122.95,Premium,8,0
10,40,Male,24,159.73,Basic,29,1
11,28,Male,19,233.06,Premium,30,1
12,28,Male,16,258.46,Premium,10,1
13,41,Male,28,852.11,Basic,39,0
14,53,Female,33,565.61,Premium,28,1
15,57,Female,13,528.16,Premium,49,0
16,41,Female,25,123.62,Basic,36,0
17,20,Female,27,861.54,Premium,13,1
18,39,Male,7,725.59,Basic,32,0
19,19,Male,5,76.99,Basic,36,1
20,41,Male,31,710.76,Premium,37,0
21,61,Female,23,548.1,Premium,26,1
22,47,Male,10,90.91,Premium,22,0
23,55,Female,32,463.72,Basic,4,0
24,19,Female,30,489.85,Premium,31,0
25,38,Male,31,174.12,Basic,18,0
26,50,Male,18,946.24,Premium,38,0
27,29,Male,2,851.48,Premium,24,1
28,39,Female,14,672.33,Premium,23,0
29,61,Male,13,467.67,Basic,22,1
30,42,Female,29,417.65,Premium,2,1
31,66,Male,12,654.46,Premium,31,1
32,44,Female,2,549.98,Basic,11,0
33,59,Female,32,71.65,Basic,28,0
34,45,Male,13,517.38,Premium,46,0
35,33,Female,27,808.34,Premium,32,1
36,32,Female,17,464.65,Premium,5,0
37,64,Male,31,61.44,Basic,38,0
38,68,Female,34,788.42,Basic,10,1
39,61,Male,24,209.35,Basic,40,1
40,69,Female,35,266.03,Basic,46,1
41,20,Male,6,173.06,Premium,24,1
42,54,Male,19,336.91,Basic,35,1
43,68,Female,30,759.18,Basic,44,1
44,24,Female,7,524.19,Basic,48,0
45,38,Female,10,212.83,Premium,23,1
46,26,Female,32,879.05,Premium,17,0
47,56,Female,34,880.79,Basic,1,0
48,35,Male,28,871.87,Basic,31,0
49,21,Female,15,246.41,Premium,31,1
50,42,Male,30,456.73,Premium,42,0
51,31,Male,29,985.14,Premium,42,1
52,67,Female,22,774.29,Premium,34,1
53,26,Male,4,36.9,Premium,9,0
54,43,Male,20,74.55,Premium,22,1
55,19,Male,32,469.29,Premium,13,0
56,37,Male,4,910.13,Premium,25,0
57,45,Female,27,543.31,Basic,48,1
58,64,Male,17,502.83,Basic,18,0
59,24,Female,12,114.42,Basic,12,0
60,61,Female,22,660.21,Basic,40,0
61,25,Male,17,823.88,Basic,17,1
62,64,Female,10,386.62,Basic,15,0
63,52,Female,1,777.86,Premium,42,1
64,31,Female,22,964.83,Premium,15,1
65,34,Male,26,211.73,Basic,15,0
66,53,Female,18,528.1,Basic,39,0
67,67,Female,14,294.27,Premium,13,1
68,57,Female,29,794.93,Premium,17,1
69,21,Male,12,581.82,Premium,32,0
70,19,Female,35,638.24,Basic,9,0
71,23,Male,12,799.94,Premium,40,1
72,59,Male,7,402.01,Basic,20,1
73,21,Male,29,915.94,Basic,26,1
74,46,Male,11,537.7,Premium,27,1
75,35,Male,33,166.38,Premium,21,1
76,43,Male,6,698.94,Basic,18,0
77,61,Female,15,795.33,Premium,13,1
78,51,Male,32,323.59,Premium,16,1
79,27,Female,11,858.61,Basic,9,0
80,53,Female,23,907.08,Premium,12,0
81,31,Male,26,284.14,Basic,44,1
82,48,Female,34,983.69,Basic,38,1
83,65,Female,34,149.3,Premium,19,0
84,32,Female,29,210.0,Basic,7,1
85,25,Female,4,192.38,Basic,35,1
86,31,Male,17,895.05,Premium,48,0
87,40,Female,35,657.75,Premium,18,1
88,57,Male,13,160.58,Premium,16,0
89,38,Female,15,445.92,Basic,39,0
90,33,Female,29,619.15,Basic,4,0
91,62,Male,29,92.63,Premium,25,0
92,35,Female,11,883.59,Basic,32,1
93,64,Female,32,805.57,Premium,40,0
94,41,Female,2,510.15,Premium,13,1
95,43,Male,14,967.46,Basic,45,1
96,42,Female,20,423.58,Premium,17,1
97,62,Male,22,984.27,Basic,49,1
98,58,Female,11,671.24,Basic,37,1
99,46,Male,27,638.32,Premium,6,0
100,32,Male,3,174.3,Basic,19,0
101,62,Female,17,883.11,Premium,13,0
102,18,Female,28,433.21,Basic,26,0
103,42,Male,29,170.61,Basic,14,1
104,24,Male,21,22.48,Basic,31,0
105,26,Female,16,564.16,Premium,4,1
106,41,Male,20,532.13,Basic,39,1
107,18,Female,6,722.16,Premium,8,0
108,61,Female,19,891.36,Basic,25,0
109,25,Female,5,88.61,Basic,13,0
110,41,Female,3,734.18,Premium,32,0
111,28,Male,1,195.54,Premium,38,1
112,68,Female,15,859.6,Premium,38,1
113,34,Male,34,820.87,Premium,28,0
114,25,Female,35,545.39,Premium,30,1
115,52,Male,25,713.14,Basic,3,1
116,52,Female,24,321.21,Basic,28,1
117,50,Male,12,476.46,Premium,3,0
118,22,Male,18,823.42,Basic,45,1
119,59,Female,15,464.67,Basic,34,0
120,56,Female,16,364.22,Basic,16,0
121,58,Female,27,499.27,Premium,22,1
122,45,Female,8,829.97,Basic,32,1
123,24,Male,25,341.86,Basic,38,0
124,26,Female,17,182.02,Basic,8,1
125,25,Male,29,714.89,Premium,8,1
126,29,Male,8,827.72,Basic,6,0
127,51,Female,15,109.63,Basic,14,0
128,50,Male,27,247.48,Premium,32,0
129,65,Male,7,150.55,Premium,35,0
130,40,Male,3,354.46,Basic,10,1
131,41,Male,29,455.85,Basic,3,1
132,54,Female,24,751.34,Premium,12,0
133,52,Female,3,654.64,Premium,49,0
134,61,Female,20,624.72,Premium,31,0
135,57,Female,15,358.85,Premium,29,1
136,39,Male,25,843.03,Premium,5,0
137,44,Male,30,476.57,Premium,25,1
138,52,Female,14,979.31,Premium,41,0
139,18,Female,7,637.8,Basic,31,0
140,52,Female,17,135.0,Premium,21,0
141,54,Male,20,679.42,Premium,20,1
142,64,Female,9,331.85,Basic,39,1
143,31,Female,22,689.46,Premium,22,1
144,20,Female,2,78.94,Premium,4,0
145,18,Male,24,183.13,Basic,13,1
146,22,Male,8,857.18,Premium,45,1
147,43,Male,11,234.91,Basic,42,0
148,31,Male,13,838.67,Basic,49,0
149,56,Male,17,286.48,Basic,20,1
150,44,Male,8,646.45,Basic,13,1
151,26,Male,21,697.21,Premium,17,1
152,32,Male,18,517.53,Basic,36,1
153,32,Female,30,312.26,Basic,33,0
154,43,Female,18,220.52,Premium,1,0
155,59,Male,31,42.86,Basic,15,0
156,30,Male,32,310.91,Basic,13,1
157,68,Female,11,656.63,Basic,17,1
158,49,Male,25,938.92,Basic,24,0
159,56,Male,33,872.49,Premium,8,0
160,66,Male,8,768.4,Basic,27,1
161,69,Female,11,790.56,Premium,45,1
162,49,Female,22,668.34,Premium,23,0
163,21,Female,24,267.68,Basic,46,0
164,47,Female,17,908.12,Basic,8,0
165,54,Female,12,674.02,Basic,8,1
166,40,Male,32,564.84,Basic,26,1
167,56,Female,15,119.88,Premium,47,1
168,62,Male,16,452.58,Premium,13,1
169,32,Male,22,465.75,Premium,39,1
170,60,Female,28,865.92,Basic,37,1
171,46,Female,20,551.18,Premium,49,0
172,53,Male,33,386.6,Basic,28,0
173,30,Male,10,977.03,Basic,25,1
174,49,Male,32,119.61,Basic,16,0
175,24,Female,33,428.32,Basic,2,1
176,68,Female,2,51.6,Basic,18,0
177,39,Female,33,742.51,Premium,17,1
178,45,Female,33,918.9,Premium,30,0
179,19,Female,13,287.24,Basic,39,0
180,59,Male,30,859.76,Premium,13,1
181,62,Female,33,299.3,Basic,32,1
182,23,Male,13,911.66,Basic,29,0
183,45,Male,26,756.42,Basic,46,0
184,45,Male,22,806.86,Premium,30,1
185,61,Female,2,27.83,Basic,18,0
186,61,Female,26,963.18,Basic,13,1
187,37,Female,15,729.4,Premium,43,1
188,47,Male,34,311.7,Premium,21,0
189,28,Male,11,831.1,Premium,30,1
190,45,Male,3,288.71,Basic,21,0
191,42,Male,6,874.03,Basic,48,0
192,56,Male,9,121.45,Premium,17,1
193,50,Male,6,706.65,Basic,40,0
194,18,Female,9,545.29,Premium,19,1
195,44,Female,31,105.57,Premium,15,1
196,69,Female,32,249.47,Basic,9,1
197,30,Female,12,22.28,Basic,10,0
198,58,Male,8,474.08,Premium,44,1
199,20,Male,8,308.25,Premium,31,0
200,56,Female,28,602.37,Premium,23,1
201,23,Male,20,304.27,Premium,30,1
202,25,Female,7,306.92,Basic,33,1
203,44,Female,11,745.76,Premium,9,0
204,26,Female,20,57.66,Premium,47,0
205,54,Male,16,903.87,Premium,1,1
206,50,Female,4,853.74,Basic,44,1
207,68,Female,6,671.13,Basic,35,0
208,59,Female,22,597.29,Premium,11,0
209,61,Male,26,893.38,Basic,34,0
210,41,Male,3,193.48,Basic,16,1
211,32,Female,14,88.18,Basic,9,0
212,49,Male,11,247.12,Premium,32,1
213,49,Male,18,796.63,Premium,15,0
214,41,Male,12,44.32,Basic,12,1
215,58,Male,23,586.98,Premium,33,1
216,69,Male,12,995.48,Premium,45,1
217,66,Male,13,857.14,Basic,14,0
218,66,Male,25,526.23,Basic,8,0
219,69,Male,19,73.0,Premium,8,0
220,29,Male,8,833.06,Basic,27,1
221,56,Male,29,602.99,Premium,12,1
222,19,Female,32,123.78,Premium,1,0
223,20,Female,18,102.92,Basic,43,1
224,66,Male,6,910.53,Premium,40,1
225,54,Female,18,672.51,Premium,42,1
226,66,Female,19,830.99,Basic,11,0
227,34,Male,22,880.19,Basic,39,1
228,66,Male,32,576.05,Basic,43,0
229,19,Male,3,522.27,Premium,31,0
230,19,Female,28,436.12,Basic,17,0
231,45,Female,10,323.78,Basic,33,0
232,40,Male,35,440.25,Basic,32,0
233,54,Male,29,776.14,Basic,29,1
234,49,Male,15,605.9,Premium,21,0
235,50,Female,33,893.6,Premium,21,0
236,18,Female,7,448.95,Basic,40,0
237,36,Female,12,611.02,Premium,23,1
238,19,Female,30,634.99,Basic,6,1
239,61,Male,21,595.78,Basic,22,1
240,43,Male,31,705.61,Premium,38,1
241,49,Male,24,245.06,Premium,37,0
242,23,Male,20,517.24,Basic,45,0
243,49,Female,4,113.18,Basic,8,1
244,21,Female,28,390.67,Premium,41,1
245,28,Male,20,492.79,Basic,49,1
246,34,Male,24,655.7,Premium,35,1
247,55,Female,32,951.03,Basic,11,0
248,41,Male,34,604.64,Basic,24,1
249,22,Female,2,746.16,Premium,49,1
250,69,Male,15,511.2,Premium,21,1
251,51,Male,34,637.76,Premium,2,1
252,23,Male,6,80.22,Premium,40,1
253,39,Male,12,261.85,Premium,19,1
254,28,Male,3,368.23,Premium,39,1
255,65,Male,18,477.77,Premium,28,0
256,33,Male,21,55.19,Basic,17,0
257,50,Female,15,148.62,Basic,6,0
258,26,Female,33,284.05,Basic,19,0
259,23,Female,35,971.82,Premium,38,0
260,33,Female,26,338.03,Premium,28,0
261,46,Female,8,487.22,Premium,2,1
262,20,Male,30,204.14,Basic,38,1
263,37,Male,23,614.67,Premium,37,0
264,53,Female,14,287.88,Premium,4,1
265,36,Male,14,214.92,Basic,22,0
266,43,Female,2,521.41,Premium,26,1
267,20,Female,5,15.45,Basic,49,1
268,36,Male,14,17.59,Basic,43,1
269,37,Male,25,226.88,Premium,36,1
270,49,Male,20,46.35,Premium,13,1
271,24,Female,2,116.95,Premium,32,1
272,69,Male,6,345.47,Basic,17,0
273,58,Female,17,804.56,Basic,41,0
274,50,Female,25,576.33,Basic,36,1
275,57,Female,28,517.54,Premium,46,0
276,56,Male,2,300.55,Premium,19,1
277,35,Male,35,932.44,Premium,35,0
278,57,Female,5,403.04,Premium,46,1
279,18,Male,1,96.22,Basic,40,0
280,28,Male,12,620.9,Basic,28,1
281,45,Male,23,122.7,Basic,1,0
282,42,Female,31,351.77,Basic,42,1
283,67,Female,11,512.34,Premium,18,0
284,40,Male,10,875.48,Premium,48,1
285,48,Female,3,498.61,Premium,40,1
286,47,Male,14,705.24,Basic,33,1
287,59,Male,16,992.89,Basic,12,0
288,52,Male,10,140.17,Premium,8,0
289,24,Male,29,281.98,Premium,24,0
290,33,Female,10,400.63,Basic,16,1
291,43,Female,12,427.61,Premium,4,0
292,65,Female,30,416.91,Basic,38,1
293,69,Male,1,908.53,Basic,44,0
294,66,Male,5,716.89,Basic,27,0
295,19,Male,20,611.83,Premium,9,0
296,18,Female,8,316.28,Premium,47,0
297,65,Male,12,825.55,Basic,16,1
298,29,Female,1,955.51,Premium,12,0
299,22,Female,20,822.99,Basic,31,0
300,54,Female,28,11.55,Basic,24,1
301,49,Female,12,640.04,Basic,14,1
302,26,Female,28,60.62,Basic,45,0
303,58,Female,15,265.03,Premium,25,0
304,52,Male,6,68.93,Basic,34,1
305,36,Male,20,607.76,Basic,3,1
306,65,Female,14,689.72,Premium,24,1
307,33,Female,2,123.34,Basic,42,0
308,20,Male,9,390.0,Basic,9,0
309,37,Female,20,461.67,Premium,26,0
310,41,Female,26,375.36,Premium,20,1
311,50,Male,29,129.81,Premium,40,1
312,41,Female,1,424.76,Basic,10,1
313,69,Female,35,753.67,Premium,19,0
314,28,Female,6,80.3,Premium,3,1
315,66,Male,5,89.38,Basic,24,0
316,25,Male,33,361.22,Basic,5,1
317,53,Male,14,942.31,Basic,3,0
318,55,Female,12,671.89,Basic,27,0
319,57,Female,20,681.88,Basic,16,1
320,37,Male,24,368.3,Premium,49,0
321,52,Female,34,597.72,Premium,15,1
322,65,Female,25,20.03,Premium,35,0
323,42,Female,29,639.74,Basic,12,1
324,52,Female,31,914.15,Basic,41,1
325,42,Female,23,616.45,Basic,44,0
326,46,Male,20,874.96,Premium,26,1
327,35,Female,23,726.73,Premium,47,0
328,63,Male,16,129.35,Basic,34,1
329,35,Female,8,903.43,Premium,23,1
330,19,Male,21,75.78,Basic,31,1
331,52,Female,1,538.63,Premium,20,1
332,33,Male,8,150.72,Premium,12,0
333,58,Female,29,21.59,Premium,23,1
334,53,Male,32,427.81,Basic,4,1
335,50,Female,5,302.09,Premium,23,0
336,21,Male,22,491.14,Premium,48,0
337,50,Female,34,581.43,Basic,48,0
338,31,Male,1,53.3,Premium,1,0
339,38,Male,26,131.77,Basic,25,0
340,65,Female,10,563.06,Basic,2,0
341,37,Female,30,349.74,Basic,30,1
342,25,Male,18,731.88,Basic,3,0
343,24,Female,17,655.77,Basic,21,1
344,20,Male,26,847.15,Premium,25,0
345,34,Male,8,695.57,Basic,20,1
346,50,Male,12,435.63,Basic,49,1
347,65,Female,27,676.24,Basic,22,1
348,29,Male,8,282.63,Basic,21,0
349,68,Male,25,313.25,Premium,33,0
350,39,Female,4,791.1,Basic,38,0
351,39,Female,33,451.96,Premium,15,0
352,63,Female,1,800.4,Basic,46,1
353,47,Female,19,824.2,Premium,15,0
354,55,Male,31,858.99,Basic,46,1
355,55,Male,16,917.47,Basic,25,1
356,62,Male,14,436.68,Premium,21,0
357,68,Male,5,325.68,Basic,24,0
358,25,Female,26,586.38,Premium,5,0
359,44,Male,28,377.46,Basic,6,1
360,44,Male,2,605.06,Premium,49,0
361,51,Female,6,708.53,Basic,43,1
362,38,Male,9,691.52,Basic,48,0
363,47,Male,33,380.81,Premium,44,1
364,50,Male,25,175.19,Basic,47,0
365,45,Male,13,436.22,Basic,23,0
366,64,Male,9,151.17,Basic,4,1
367,50,Male,13,891.2,Basic,27,0
368,22,Female,31,352.42,Basic,18,0
369,65,Female,11,162.92,Basic,21,0
370,36,Male,4,35.19,Premium,28,0
371,21,Male,34,649.36,Premium,35,0
372,52,Female,4,640.53,Premium,22,0
373,66,Male,19,347.2,Basic,40,0
374,34,Male,6,80.99,Premium,23,1
375,61,Male,34,415.53,Basic,3,1
376,45,Female,18,318.11,Basic,40,0
377,47,Male,13,680.35,Basic,10,0
378,46,Female,23,609.72,Basic,25,0
379,63,Male,19,370.95,Premium,49,1
380,23,Female,11,225.71,Basic,8,1
381,52,Female,1,988.16,Premium,11,0
382,58,Male,24,459.46,Basic,5,1
383,54,Female,7,691.39,Premium,45,0
384,41,Male,25,149.15,Premium,37,0
385,46,Female,21,490.73,Premium,45,0
386,66,Male,15,37.26,Premium,38,0
387,63,Male,1,510.4,Premium,29,1
388,48,Female,12,964.38,Premium,5,1
389,52,Male,7,390.36,Basic,9,0
390,50,Male,15,48.61,Premium,48,1
391,69,Female,21,40.65,Basic,2,1
392,38,Male,19,394.11,Premium,1,0
393,49,Male,29,168.42,Basic,40,1
394,40,Female,25,33.12,Premium,30,0
395,50,Female,33,758.65,Premium,11,0
396,20,Male,32,463.94,Basic,28,0
397,35,Male,35,296.35,Premium,44,0
398,42,Female,26,901.08,Premium,12,1
399,59,Female,11,124.98,Premium,39,0
400,48,Male,35,956.36,Basic,26,1
401,20,Female,8,320.83,Premium,13,0
402,57,Male,14,889.52,Basic,8,0
403,63,Male,10,606.91,Premium,28,1
404,41,Male,2,828.44,Premium,30,0
405,67,Male,9,984.17,Basic,9,1
406,49,Male,3,295.52,Premium,39,1
407,64,Female,21,961.52,Premium,31,0
408,39,Female,26,395.59,Basic,21,0
409,40,Female,8,391.66,Premium,47,0
410,19,Female,2,346.98,Basic,34,0
411,44,Male,6,545.99,Basic,31,0
412,59,Male,28,162.6,Basic,25,0
413,19,Male,29,558.17,Premium,12,1
414,43,Male,26,546.29,Basic,1,1
415,34,Female,25,764.28,Basic,22,0
416,57,Male,12,835.31,Premium,40,1
417,50,Male,5,446.04,Basic,37,1
418,26,Female,34,309.31,Premium,47,0
419,60,Female,15,266.74,Premium,1,0
420,65,Female,15,202.68,Premium,1,1
421,56,Female,23,67.07,Premium,42,0
422,46,Male,6,349.02,Basic,42,1
423,59,Male,21,277.55,Basic,21,0
424,43,Female,23,966.75,Basic,15,1
425,52,Male,16,562.13,Basic,17,1
426,67,Male,15,353.8,Basic,22,1
427,42,Male,25,584.66,Premium,38,1
428,41,Female,11,147.8,Basic,35,0
429,30,Male,15,449.6,Basic,45,0
430,24,Female,4,629.97,Basic,16,1
431,53,Male,21,494.01,Premium,8,1
432,62,Male,13,407.76,Premium,47,0
433,37,Male,22,993.91,Basic,17,0
434,18,Female,19,881.51,Premium,17,1
435,25,Male,34,627.17,Basic,26,1
436,63,Female,14,573.68,Basic,13,1
437,33,Female,4,624.45,Premium,17,1
438,31,Female,27,209.3,Premium,38,1
439,29,Male,29,401.19,Basic,17,0
440,68,Male,28,49.06,Basic,48,1
441,40,Male,35,480.79,Premium,14,0
442,32,Male,8,547.59,Basic,45,0
443,45,Female,16,235.47,Premium,6,0
444,51,Female,30,964.39,Basic,35,1
445,19,Female,18,910.36,Premium,46,0
446,49,Male,2,724.92,Basic,14,0
447,40,Female,13,538.05,Basic,47,0
448,39,Male,4,871.27,Premium,8,0
449,68,Female,26,139.35,Basic,15,1
450,42,Male,25,792.6,Basic,27,1
451,39,Male,30,133.57,Premium,13,0
452,39,Female,11,796.27,Basic,49,0
453,66,Female,7,283.01,Basic,31,1
454,69,Female,31,878.32,Basic,35,1
455,59,Female,10,944.6,Premium,6,1
456,23,Male,13,157.31,Premium,5,0
457,32,Female,31,468.05,Premium,22,1
458,60,Female,7,981.18,Basic,49,0
459,54,Female,20,488.57,Basic,23,0
460,50,Male,4,864.91,Basic,25,1
461,25,Male,7,592.84,Basic,34,0
462,61,Female,1,381.58,Premium,26,1
463,61,Male,13,292.93,Basic,47,0
464,22,Female,22,211.19,Basic,5,1
465,56,Male,21,764.18,Basic,26,0
466,21,Male,22,392.68,Premium,20,0
467,23,Male,28,516.16,Basic,6,1
468,62,Male,9,497.4,Basic,6,1
469,49,Female,26,581.51,Basic,18,1
470,69,Female,9,866.92,Basic,4,1
471,47,Female,15,980.93,Basic,17,0
472,64,Male,10,413.51,Premium,14,1
473,52,Female,24,829.24,Basic,14,1
474,57,Female,8,766.88,Basic,13,0
475,69,Female,24,577.79,Basic,7,1
476,33,Male,16,956.49,Basic,44,1
477,30,Male,26,208.47,Basic,15,0
478,67,Male,27,118.17,Basic,19,1
479,59,Female,4,855.42,Basic,43,1
480,47,Female,24,444.76,Basic,47,1
481,36,Female,19,848.5,Basic,44,1
482,34,Male,10,894.16,Basic,35,1
483,36,Male,25,71.83,Premium,17,1
484,45,Female,18,884.63,Premium,35,0
485,43,Male,19,453.84,Premium,19,1
486,54,Male,10,515.33,Premium,20,0
487,43,Male,33,630.33,Basic,36,0
488,40,Male,5,927.12,Premium,35,0
489,26,Female,35,28.92,Premium,32,0
490,29,Male,34,482.08,Basic,48,1
491,18,Male,33,690.84,Premium,44,1
492,18,Male,21,725.48,Premium,40,1
493,64,Male,17,695.61,Basic,24,0
494,51,Female,22,143.09,Basic,17,1
495,49,Female,15,306.4,Basic,7,1
496,65,Male,35,365.13,Premium,43,1
497,42,Male,28,806.39,Premium,1,0
498,57,Male,7,285.97,Basic,35,0
499,62,Male,32,218.6,Basic,32,1
500,18,Male,11,957.87,Premium,36,0
501,33,Male,10,18.77,Basic,13,0
502,56,Female,9,997.84,Premium,6,1
503,22,Male,14,680.05,Basic,14,0
504,39,Female,13,830.18,Basic,37,0
505,46,Female,25,301.67,Premium,48,1
506,20,Male,2,24.17,Basic,15,0
507,29,Female,35,740.49,Basic,47,0
508,43,Female,7,835.8,Basic,4,0
509,33,Female,21,743.07,Premium,40,0
510,68,Female,18,151.42,Basic,16,0
511,54,Female,3,755.89,Basic,28,0
512,39,Female,11,771.23,Basic,16,0
513,46,Male,24,661.96,Basic,4,0
514,31,Female,19,768.45,Basic,45,1
515,45,Female,4,847.46,Basic,26,1
516,22,Female,26,617.47,Premium,28,1
517,64,Male,32,97.72,Premium,32,1
518,66,Female,33,492.75,Basic,45,0
519,47,Male,3,86.87,Premium,2,1
520,63,Female,9,413.47,Premium,31,1
521,69,Male,8,413.04,Basic,3,0
522,22,Male,33,75.35,Premium,8,0
523,29,Female,6,355.33,Premium,24,0
524,33,Female,4,119.89,Premium,15,0
525,43,Male,13,810.15,Premium,43,0
526,43,Female,2,948.21,Premium,31,1
527,65,Male,5,81.59,Premium,9,0
528,38,Male,27,955.56,Premium,39,1
529,56,Male,32,527.35,Premium,45,1
530,53,Male,21,306.57,Basic,2,0
531,50,Male,8,86.09,Basic,8,1
532,47,Female,8,505.62,Premium,7,1
533,54,Male,3,796.57,Premium,44,0
534,40,Male,3,710.02,Basic,39,1
535,27,Female,22,59.72,Premium,42,1
536,22,Male,6,82.17,Premium,16,1
537,53,Female,2,408.84,Basic,35,0
538,51,Female,23,302.34,Basic,30,0
539,69,Female,2,240.06,Basic,10,0
540,48,Male,17,288.19,Premium,38,1
541,27,Male,35,805.45,Premium,18,0
542,36,Male,34,929.94,Basic,5,1
543,49,Female,23,411.05,Basic,29,0
544,18,Male,30,907.05,Premium,39,1
545,22,Female,8,328.28,Basic,34,0
546,62,Male,22,481.67,Premium,43,0
547,21,Female,5,233.77,Premium,45,1
548,33,Male,13,644.07,Basic,23,0
549,41,Male,29,979.19,Basic,5,1
550,33,Male,31,607.46,Premium,30,0
551,19,Female,16,364.24,Basic,6,0
552,66,Female,30,651.34,Basic,46,1
553,45,Male,16,131.69,Basic,44,1
554,49,Male,12,889.77,Basic,4,1
555,44,Female,17,508.05,Premium,29,0
556,37,Female,16,454.86,Premium,23,1
557,41,Female,12,590.01,Premium,6,0
558,29,Male,8,628.54,Premium,32,1
559,67,Female,20,81.06,Basic,42,1
560,52,Male,3,685.79,Basic,18,1
561,50,Female,16,249.51,Premium,15,1
562,50,Male,30,716.81,Premium,40,1
563,68,Female,23,824.31,Basic,32,1
564,60,Female,28,805.92,Premium,9,0
565,54,Female,5,556.98,Premium,37,1
566,29,Female,20,524.97,Basic,10,0
567,20,Female,1,151.45,Premium,20,1
568,18,Male,30,777.59,Basic,6,1
569,50,Female,21,278.7,Basic,48,1
570,57,Female,20,501.73,Premium,3,0
571,27,Female,6,291.43,Basic,42,0
572,60,Male,22,142.49,Premium,11,1
573,61,Female,18,633.26,Basic,43,0
574,46,Male,8,63.79,Premium,17,1
575,30,Female,32,751.16,Premium,32,1
576,29,Female,33,324.41,Premium,4,0
577,48,Male,16,10.13,Basic,4,0
578,63,Female,12,516.02,Basic,17,0
579,19,Male,34,56.38,Premium,41,0
580,68,Male,14,283.41,Basic,19,1
581,67,Female,33,709.91,Premium,5,0
582,52,Male,23,72.06,Premium,32,0
583,40,Female,2,840.95,Basic,22,1
584,34,Female,21,13.78,Premium,6,0
585,43,Male,2,254.36,Basic,35,0
586,25,Male,27,743.5,Premium,22,0
587,46,Male,9,323.11,Basic,1,0
588,43,Male,1,110.87,Premium,20,1
589,27,Female,11,366.63,Premium,22,1
590,43,Female,3,277.69,Basic,48,0
591,51,Male,23,844.28,Premium,11,0
592,68,Female,26,320.21,Premium,13,1
593,58,Female,4,791.04,Basic,42,0
594,24,Female,18,892.95,Premium,3,0
595,21,Female,6,439.48,Basic,9,0
596,67,Male,35,910.84,Premium,12,0
597,62,Male,22,383.54,Basic,23,0
598,28,Female,15,964.44,Premium,14,0
599,46,Male,22,98.4,Premium,33,0
600,53,Male,12,690.15,Premium,18,0
601,42,Male,18,498.88,Basic,49,0
602,38,Female,35,393.77,Basic,41,1
603,53,Female,30,636.38,Basic,9,1
604,27,Female,24,706.82,Basic,23,1
605,54,Male,30,14.32,Premium,10,0
606,26,Female,14,175.28,Premium,19,0
607,41,Female,6,715.92,Basic,47,1
608,52,Male,3,669.72,Basic,5,0
609,66,Female,16,966.39,Basic,47,1
610,52,Female,7,763.43,Premium,23,0
611,65,Male,14,951.26,Basic,30,1
612,53,Male,9,705.52,Basic,25,1
613,35,Male,15,305.07,Premium,28,1
614,66,Female,21,114.31,Premium,34,0
615,56,Female,35,784.01,Basic,45,1
616,49,Female,2,647.71,Premium,48,0
617,41,Male,27,57.7,Basic,47,0
618,40,Male,2,366.45,Premium,25,0
619,49,Female,35,957.23,Basic,10,0
620,54,Female,18,505.4,Basic,14,0
621,29,Male,14,438.4,Basic,42,0
622,66,Male,20,463.12,Basic,46,0
623,30,Male,18,216.79,Premium,30,1
624,40,Male,10,375.02,Premium,41,1
625,42,Female,25,376.12,Premium,25,1
626,52,Male,2,61.83,Premium,14,0
627,58,Female,25,769.89,Basic,35,0
628,47,Female,33,422.34,Basic,48,0
629,34,Female,31,823.96,Premium,34,0
630,66,Male,14,851.84,Premium,10,1
631,37,Male,1,219.87,Premium,35,0
632,65,Male,16,660.78,Premium,11,1
633,42,Male,3,477.56,Premium,11,0
634,39,Female,35,881.36,Basic,21,1
635,30,Male,6,223.58,Basic,21,0
636,36,Male,25,681.04,Basic,22,1
637,66,Female,13,611.67,Premium,45,0
638,53,Male,34,302.35,Premium,7,1
639,29,Female,8,145.23,Premium,17,0
640,58,Female,21,655.12,Premium,2,1
641,36,Female,34,741.21,Basic,12,1
642,29,Female,4,322.47,Basic,42,0
643,26,Female,25,648.38,Premium,18,1
644,24,Female,15,401.18,Basic,11,0
645,45,Female,4,716.07,Basic,16,0
646,31,Female,12,207.22,Premium,49,0
647,48,Male,32,891.31,Premium,18,1
648,69,Male,32,294.54,Premium,35,1
649,36,Male,28,374.11,Premium,26,0
650,64,Male,13,67.51,Premium,16,0
651,33,Female,31,120.4,Premium,6,1
652,22,Male,14,520.7,Basic,44,1
653,52,Female,20,274.92,Basic,43,1
654,29,Male,18,837.13,Premium,47,0
655,42,Male,29,24.55,Basic,47,0
656,69,Male,6,385.3,Premium,48,0
657,38,Female,32,343.97,Premium,42,0
658,53,Male,29,29.13,Premium,12,0
659,40,Female,2,133.12,Premium,13,1
660,33,Female,23,419.51,Basic,4,0
661,56,Male,19,497.94,Premium,39,1
662,62,Male,31,410.25,Basic,2,1
663,59,Male,5,535.63,Premium,26,0
664,56,Female,19,599.18,Premium,27,1
665,31,Male,34,19.82,Premium,27,0
666,48,Female,10,469.45,Basic,15,1
667,22,Female,25,963.86,Premium,8,0
668,52,Male,2,523.84,Premium,7,0
669,40,Male,11,680.77,Premium,47,1
670,46,Female,31,318.75,Basic,46,0
671,60,Female,15,776.25,Basic,40,1
672,28,Female,9,775.19,Basic,12,0
673,35,Male,23,526.08,Premium,13,0
674,64,Female,19,976.25,Basic,43,0
675,29,Male,9,134.29,Premium,17,1
676,26,Female,35,26.78,Basic,17,1
677,27,Female,21,772.46,Basic,36,0
678,61,Male,9,809.08,Premium,21,1
679,34,Female,28,129.01,Basic,8,0
680,55,Male,7,272.93,Premium,5,1
681,24,Male,16,27.38,Premium,26,1
682,63,Female,16,300.38,Basic,16,0
683,30,Male,33,775.41,Premium,36,0
684,57,Male,4,522.78,Premium,28,0
685,59,Female,4,354.61,Basic,29,0
686,26,Male,17,378.02,Basic,47,0
687,67,Male,29,11.34,Premium,12,1
688,44,Male,35,306.8,Basic,37,1
689,19,Female,7,649.99,Premium,30,0
690,22,Male,27,974.45,Premium,23,0
691,46,Female,28,848.59,Basic,16,0
692,54,Female,22,33.36,Basic,14,1
693,55,Male,14,899.57,Basic,10,0
694,36,Male,7,785.37,Basic,7,0
695,25,Male,22,782.57,Premium,45,1
696,65,Female,5,463.42,Premium,37,1
697,62,Male,2,404.03,Basic,29,1
698,18,Male,27,309.89,Basic,3,1
699,39,Male,21,75.04,Premium,15,0
700,69,Male,15,235.95,Premium,36,1
701,34,Male,21,254.14,Premium,47,1
702,24,Female,10,489.24,Premium,46,0
703,42,Female,23,749.97,Basic,19,0
704,62,Male,5,479.07,Premium,13,0
705,21,Male,1,67.27,Premium,42,1
706,53,Male,13,958.21,Basic,21,0
707,23,Male,21,943.3,Premium,37,1
708,48,Female,26,787.34,Premium,27,1
709,36,Male,21,991.41,Basic,29,1
710,61,Female,18,549.04,Basic,20,0
711,56,Female,32,963.14,Basic,25,1
712,44,Male,17,84.85,Premium,6,0
713,27,Female,35,372.02,Premium,36,0
714,43,Female,11,233.13,Basic,2,0
715,36,Female,21,203.87,Basic,22,1
716,56,Female,26,149.39,Premium,32,1
717,20,Male,4,626.19,Basic,16,1
718,62,Male,34,783.51,Basic,18,0
719,30,Female,18,582.52,Basic,5,1
720,67,Male,35,155.49,Premium,36,1
721,45,Male,29,813.01,Premium,30,1
722,37,Male,29,639.6,Premium,45,1
723,45,Male,21,394.28,Premium,19,1
724,25,Male,13,677.39,Premium,23,0
725,58,Female,17,267.31,Premium,34,0
726,56,Male,9,351.74,Basic,13,0
727,18,Male,1,918.31,Premium,43,0
728,20,Male,2,297.6,Premium,29,1
729,30,Male,29,475.29,Basic,36,0
730,45,Female,33,891.24,Premium,22,1
731,66,Female,10,710.64,Premium,47,0
732,42,Female,21,71.58,Basic,36,0
733,50,Female,28,155.83,Basic,9,0
734,55,Male,11,17.76,Basic,39,1
735,23,Female,34,634.61,Premium,19,1
736,61,Male,8,453.2,Basic,38,0
737,62,Male,22,142.93,Premium,6,1
738,49,Male,8,958.35,Premium,47,0
739,62,Male,15,534.36,Premium,15,0
740,64,Male,17,249.47,Premium,20,0
741,38,Female,23,505.6,Basic,9,1
742,33,Female,24,682.82,Basic,32,0
743,38,Female,19,85.48,Premium,4,0
744,28,Female,5,281.96,Basic,18,0
745,54,Male,32,808.9,Premium,5,1
746,53,Female,1,465.07,Premium,20,0
747,52,Male,23,551.11,Premium,23,1
748,36,Female,8,438.49,Basic,11,0
749,37,Male,13,53.46,Premium,37,1
750,35,Male,8,174.09,Premium,22,0
751,64,Female,23,451.09,Basic,4,0
752,58,Male,1,217.09,Basic,29,1
753,66,Male,24,59.48,Basic,44,1
754,31,Female,35,845.21,Basic,34,0
755,32,Male,24,981.38,Premium,13,1
756,48,Female,17,795.21,Basic,42,0
757,18,Female,5,855.25,Premium,9,0
758,20,Female,20,249.56,Basic,42,0
759,33,Male,21,961.02,Basic,31,1
760,40,Male,31,204.96,Basic,7,0
761,28,Male,11,951.92,Basic,4,1
762,29,Female,15,994.87,Basic,19,0
763,27,Male,19,714.61,Basic,42,1
764,49,Female,7,981.33,Premium,30,1
765,33,Female,28,573.84,Basic,31,0
766,25,Male,5,266.95,Basic,35,1
767,55,Female,5,442.63,Basic,21,0
768,29,Male,30,597.63,Basic,31,0
769,41,Male,32,82.35,Premium,19,0
770,45,Male,8,626.12,Basic,31,0
771,25,Male,10,981.37,Basic,32,0
772,45,Male,32,198.21,Basic,2,1
773,53,Female,28,794.67,Basic,10,0
774,43,Female,17,908.82,Premium,2,1
775,25,Female,31,944.26,Basic,2,1
776,67,Male,8,960.53,Premium,24,0
777,45,Male,25,526.25,Basic,17,1
778,45,Male,9,977.53,Premium,32,0
779,54,Female,2,759.74,Premium,16,1
780,58,Male,15,170.05,Basic,16,1
781,53,Female,3,482.13,Basic,46,1
782,44,Female,4,721.15,Premium,39,0
783,34,Male,14,254.87,Premium,31,1
784,26,Male,25,644.21,Basic,43,0
785,50,Female,10,669.93,Premium,24,1
786,37,Male,21,171.07,Premium,1,1
787,30,Female,12,569.43,Premium,11,1
788,45,Male,27,773.91,Basic,21,1
789,65,Male,2,503.91,Premium,4,0
790,46,Female,13,21.98,Premium,7,0
791,30,Male,32,18.95,Premium,26,1
792,63,Female,31,363.46,Basic,47,1
793,52,Male,16,926.93,Basic,12,0
794,23,Female,32,236.39,Premium,31,0
795,35,Female,32,638.02,Basic,17,0
796,68,Male,34,229.86,Premium,33,0
797,22,Female,11,328.45,Basic,11,1
798,64,Male,10,849.56,Basic,28,1
799,42,Male,15,731.57,Premium,32,0
800,19,Male,17,104.45,Basic,1,0
801,27,Female,18,434.42,Basic,47,0
802,47,Female,9,38.88,Basic,28,0
803,67,Male,25,486.08,Premium,42,0
804,62,Male,14,665.81,Basic,7,0
805,22,Female,25,127.32,Basic,2,1
806,50,Male,22,296.0,Premium,42,1
807,18,Male,30,403.86,Basic,24,1
808,35,Female,20,920.34,Basic,4,0
809,49,Male,21,993.32,Basic,44,0
810,64,Female,32,54.46,Basic,19,0
811,66,Male,21,763.4,Basic,26,1
812,28,Female,35,378.01,Premium,11,0
813,38,Male,32,398.53,Premium,40,0
814,43,Male,30,756.72,Basic,43,1
815,42,Female,12,919.24,Basic,11,0
816,39,Male,18,951.42,Basic,45,1
817,44,Female,21,581.35,Premium,3,1
818,66,Male,13,363.55,Premium,12,0
819,30,Female,21,789.67,Basic,3,1
820,50,Female,8,258.49,Basic,42,0
821,51,Female,7,568.43,Premium,27,1
822,58,Female,23,364.99,Basic,49,0
823,52,Male,32,660.06,Premium,2,1
824,18,Male,11,247.99,Premium,49,0
825,38,Female,22,199.68,Basic,16,1
826,65,Female,22,919.06,Premium,2,1
827,23,Female,25,110.79,Basic,30,1
828,45,Male,22,510.9,Basic,20,0
829,34,Male,28,228.64,Basic,38,0
830,22,Male,29,48.54,Basic,28,1
831,48,Male,13,45.66,Basic,25,0
832,22,Female,18,183.47,Basic,32,1
833,55,Female,2,868.1,Premium,10,0
834,20,Female,29,289.65,Premium,42,1
835,40,Male,21,950.95,Premium,40,0
836,54,Male,15,585.81,Premium,33,1
837,54,Male,27,442.25,Basic,13,1
838,27,Female,31,584.29,Premium,41,1
839,27,Female,15,521.53,Premium,42,1
840,36,Male,23,761.19,Premium,47,0
841,34,Female,24,289.67,Basic,37,1
842,38,Male,13,359.52,Premium,16,0
843,31,Male,22,895.15,Basic,45,0
844,26,Female,33,946.99,Premium,22,1
845,63,Male,3,893.63,Basic,20,0
846,18,Female,19,425.25,Basic,43,0
847,68,Male,23,782.56,Premium,27,0
848,62,Female,29,481.57,Basic,41,1
849,30,Female,30,502.56,Basic,16,0
850,21,Female,25,212.63,Premium,34,0
851,18,Male,8,595.22,Premium,32,1
852,66,Male,16,194.27,Premium,26,1
853,57,Female,8,338.25,Basic,25,0
854,49,Female,1,856.48,Basic,2,1
855,51,Male,5,215.01,Basic,12,0
856,45,Male,3,80.45,Premium,40,0
857,48,Male,1,78.32,Basic,9,0
858,25,Female,4,941.38,Basic,12,1
859,56,Male,35,511.85,Basic,26,0
860,43,Male,32,415.32,Basic,9,1
861,51,Female,34,812.77,Basic,10,1
862,20,Male,25,837.47,Basic,32,0
863,67,Male,10,338.87,Basic,34,1
864,29,Male,21,696.68,Premium,48,1
865,18,Female,27,773.41,Premium,20,1
866,61,Female,27,658.1,Premium,39,1
867,22,Female,2,160.08,Basic,2,1
868,47,Female,13,877.12,Basic,1,0
869,47,Female,9,543.7,Premium,36,1
870,34,Female,22,289.65,Basic,24,0
871,65,Female,26,430.98,Premium,27,0
872,64,Male,12,47.2,Basic,2,0
873,40,Male,17,136.59,Basic,31,0
874,32,Female,14,767.89,Premium,14,0
875,54,Male,14,10.01,Premium,2,0
876,38,Male,34,422.4,Premium,29,1
877,31,Female,20,527.29,Premium,15,1
878,19,Male,11,64.09,Premium,12,1
879,28,Male,16,973.35,Basic,37,0
880,68,Male,31,233.86,Basic,28,1
881,56,Male,6,311.16,Basic,20,1
882,55,Male,19,310.9,Premium,39,1
883,51,Female,4,238.11,Premium,24,0
884,55,Female,4,11.46,Premium,21,1
885,67,Female,20,732.05,Premium,10,0
886,51,Male,10,967.18,Premium,46,1
887,35,Female,24,232.05,Premium,14,0
888,47,Male,35,666.42,Basic,37,0
889,32,Male,26,744.48,Basic,18,0
890,44,Male,21,849.94,Basic,24,1
891,68,Male,21,428.4,Basic,14,1
892,51,Female,10,309.9,Basic,34,0
893,69,Female,4,332.04,Premium,12,1
894,55,Male,20,715.5,Premium,22,0
895,50,Female,17,818.61,Premium,6,0
896,41,Male,7,189.8,Premium,36,1
897,32,Female,4,377.23,Premium,45,1
898,47,Female,29,902.92,Premium,36,1
899,59,Male,14,808.63,Basic,22,0
900,68,Female,3,985.01,Premium,14,0
901,34,Male,24,756.71,Premium,16,1
902,22,Female,16,399.26,Premium,36,0
903,46,Male,4,594.73,Premium,25,1
904,21,Male,24,664.4,Basic,32,0
905,27,Female,34,87.67,Basic,33,1
906,34,Female,30,549.05,Premium,45,1
907,27,Male,18,712.23,Basic,36,0
908,34,Female,19,175.65,Basic,20,1
909,37,Female,31,782.83,Premium,18,1
910,41,Male,19,587.94,Premium,38,0
911,22,Male,19,952.7,Premium,3,1
912,51,Female,22,52.0,Premium,23,0
913,23,Male,24,272.67,Premium,32,1
914,19,Male,12,605.54,Basic,45,0
915,30,Male,30,303.59,Premium,16,1
916,60,Female,31,717.28,Premium,5,1
917,60,Female,19,761.42,Premium,4,1
918,65,Male,30,111.49,Basic,21,1
919,28,Female,33,518.72,Premium,40,0
920,68,Male,18,513.8,Premium,14,0
921,64,Female,28,375.59,Premium,39,0
922,40,Male,11,933.6,Basic,31,0
923,33,Male,33,829.23,Premium,14,0
924,48,Female,17,700.24,Premium,6,0
925,28,Male,6,717.18,Premium,12,0
926,33,Female,4,467.1,Basic,16,1
927,25,Female,20,921.78,Premium,17,1
928,21,Male,27,697.65,Premium,45,1
929,57,Male,15,731.69,Premium,23,1
930,21,Female,6,863.07,Basic,14,0
931,42,Male,14,281.33,Premium,7,0
932,20,Male,11,809.0,Premium,46,0
933,49,Male,9,203.29,Premium,32,1
934,20,Male,26,351.89,Basic,15,0
935,44,Male,16,342.25,Basic,44,1
936,46,Female,5,978.74,Premium,17,0
937,49,Female,10,857.97,Basic,41,0
938,67,Male,3,704.16,Basic,47,0
939,68,Male,13,729.79,Basic,44,0
940,36,Male,30,566.45,Premium,34,1
941,38,Female,6,947.62,Premium,5,1
942,22,Male,17,501.3,Basic,45,0
943,35,Female,19,386.71,Basic,27,1
944,45,Female,35,171.4,Basic,23,0
945,59,Female,26,788.34,Premium,40,0
946,39,Male,5,737.1,Premium,14,0
947,38,Female,29,390.51,Basic,15,0
948,23,Male,20,34.94,Basic,43,1
949,18,Female,21,840.61,Basic,33,0
950,22,Male,10,21.3,Basic,31,0
951,58,Female,5,706.66,Premium,35,1
952,29,Male,6,970.55,Basic,17,0
953,43,Female,26,443.28,Premium,28,1
954,63,Male,4,242.62,Basic,19,0
955,51,Male,35,707.82,Basic,46,0
956,66,Male,1,818.96,Basic,23,0
957,31,Male,24,550.97,Basic,32,0
958,43,Female,6,967.36,Basic,40,0
959,62,Female,31,61.15,Premium,13,0
960,44,Male,20,509.75,Basic,20,1
961,26,Female,24,721.27,Basic,35,0
962,43,Male,25,864.01,Basic,5,1
963,64,Male,21,187.46,Premium,9,1
964,39,Female,30,802.0,Premium,29,0
965,64,Male,24,557.18,Premium,6,1
966,47,Male,30,402.59,Premium,25,0
967,60,Female,22,140.4,Basic,31,1
968,65,Male,28,866.64,Basic,22,0
969,34,Male,7,165.7,Basic,2,1
970,43,Male,35,316.69,Premium,45,1
971,53,Male,28,297.15,Basic,5,0
972,18,Female,14,872.7,Basic,27,1
973,25,Female,10,675.98,Premium,25,0
974,66,Female,16,798.71,Premium,8,0
975,52,Male,16,257.96,Premium,1,0
976,69,Male,31,628.63,Basic,20,0
977,32,Female,25,576.03,Basic,44,0
978,64,Male,13,834.5,Premium,23,1
979,39,Male,6,907.03,Basic,32,1
980,31,Male,9,22.04,Premium,11,1
981,43,Male,20,677.28,Premium,39,0
982,45,Female,18,61.32,Basic,47,1
983,40,Female,21,553.37,Premium,24,1
984,31,Female,4,294.76,Premium,11,1
985,41,Male,33,313.71,Premium,29,1
986,19,Female,27,359.43,Basic,26,1
987,62,Female,7,625.08,Premium,16,0
988,43,Male,6,340.71,Premium,35,0
989,31,Male,15,735.37,Premium,20,1
990,68,Female,18,410.48,Premium,46,0
991,24,Female,32,77.67,Premium,3,0
992,20,Female,11,785.92,Premium,1,1
993,64,Female,20,292.9,Premium,47,1
994,40,Male,24,438.44,Basic,1,0
995,63,Female,15,688.59,Basic,17,1
996,60,Female,7,339.13,Premium,2,0
997,64,Male,21,66.02,Basic,29,0
998,62,Female,26,380.18,Basic,20,1
999,35,Male,14,945.0,Premium,6,0
1000,55,Male,21,645.32,Basic,8,0
